,mean,std
area,1.8048110049559365,1.7363945016591624
volume,0.04725599360920315,0.07066794593279822
compactness,995.9934613238911,19722.148993009305
rectangularity,0.19491800618802219,0.196600776066493
convexity,0.3956064179495523,0.31913748930442837
diameter,1.0555307780558751,0.08000949385590891
eccentricity,133.42727562692264,1355.3173120104686
